full name,date of birth,status,gender,nationality,street,adress,country,email,e-mail,phone,mobile,fax,relocation
giang le,august 29th 1990,marital         single,female,viet nam,,,,,testing2@gmail.com,,0905.555.666,,
giang le,august 29th 1990,marital         single,female,viet nam,,,,,testing2@gmail.com,,0905.555.666,,
giang le,august 29th 1990,marital         single,female,viet nam,,,,,testing2@gmail.com,,0905.555.666,,
giang le,august 29th 1990,marital         single,female,viet nam,,,,,testing2@gmail.com,,0905.555.666,,
giang le,august 29th 1990,marital         single,female,viet nam,,,,,testing2@gmail.com,,0905.555.666,,
giang le,august 29th 1990,marital         single,female,viet nam,,,,,testing2@gmail.com,,0905.555.666,,
giang le,august 29th 1990,marital         single,female,viet nam,,,,,testing2@gmail.com,,0905.555.666,,
giang le,august 29th 1990,marital         single,female,viet nam,,,,,testing2@gmail.com,,0905.555.666,,
giang le,august 29th 1990,marital         single,female,viet nam,,,,,testing2@gmail.com,,0905.555.666,,
giang le,august 29th 1990,marital         single,female,viet nam,,,,,testing2@gmail.com,,0905.555.666,,
giang le,august 29th 1990,marital         single,female,viet nam,,,,,testing2@gmail.com,,0905.555.666,,
giang le,august 29th 1990,marital         single,female,viet nam,,,,,testing2@gmail.com,,0905.555.666,,
giang le,august 29th 1990,marital         single,female,viet nam,,,,,testing2@gmail.com,,0905.555.666,,
giang le,august 29th 1990,marital         single,female,viet nam,,,,,testing2@gmail.com,,0905.555.666,,
giang le,august 29th 1990,marital         single,female,viet nam,,,,,testing2@gmail.com,,0905.555.666,,
giang le,august 29th 1990,marital         single,female,viet nam,,,,,testing2@gmail.com,,0905.555.666,,
giang le,august 29th 1990,marital         single,female,viet nam,,,,,testing2@gmail.com,,0905.555.666,,
giang le,august 29th 1990,marital         single,female,viet nam,,,,,testing2@gmail.com,,0905.555.666,,
giang le,august 29th 1990,marital         single,female,viet nam,,,,,testing2@gmail.com,,0905.555.666,,
